intent,expanded_intents
Close/hide the Android Soft Keyboard,"['close', 'hide', 'android', 'soft', 'keyboard', 'soft']"
How to get the build/version number of your Android application?,"['get', 'build', 'version', 'number', 'android', 'application', 'activity']"
Sending an Intent to browser to open specific URL,"['sending', 'intent', 'browser', 'open', 'specific', 'url', 'browser']"
How to check internet access on Android? InetAddress never times out,"['check', 'internet', 'access', 'android', 'inet', 'address', 'never', 'times', 'device']"
Retrieving Android API version programmatically,"['retrieving', 'android', 'api', 'version', 'programmatically', 'application']"
How do I restart an Android Activity,"['restart', 'android', 'activity', 'get']"
"How to determine device screen size category (small, normal, large, xlarge) using code?","['determine', 'device', 'screen', 'size', 'category', 'small', 'normal', 'large', 'xlarge', 'using', 'code', 'android']"
How to get a list of installed android applications and pick one to run,"['get', 'list', 'installed', 'android', 'applications', 'pick', 'one', 'run', 'activity']"
Height of status bar in Android,"['height', 'status', 'bar', 'android', 'hide']"
How to make a phone call using intent in Android?,"['make', 'phone', 'call', 'using', 'intent', 'android', 'call']"
What is the size of ActionBar in pixels?,"['size', 'action', 'bar', 'pixels', 'android']"
Clicking URLs opens default browser,"['clicking', 'urls', 'opens', 'default', 'browser', 'android']"
How to exit from the application and show the home screen?,"['exit', 'application', 'show', 'home', 'screen', 'programmatically']"
"Android: allow portrait and landscape for tablets, but force portrait on phone?","['android', 'allow', 'portrait', 'landscape', 'tablets', 'force', 'portrait', 'phone', 'phone']"
Calling startActivity() from outside of an Activity?,"['calling', 'start', 'activity', 'outside', 'activity', 'android']"
How to get the ActionBar height?,"['get', 'action', 'bar', 'height', 'android']"
Android Center text on canvas,"['android', 'center', 'text', 'canvas', 'view']"
SwipeRefreshLayout setRefreshing() not showing indicator initially,"['swipe', 'refresh', 'layout', 'set', 'refreshing', 'showing', 'indicator', 'initially', 'layout']"
Android Reading from an Input stream efficiently,"['android', 'reading', 'input', 'stream', 'efficiently', 'accessibility']"
Call removeView() on the child's parent first,"['call', 'remove', 'view', 'child', 'parent', 'first', 'action']"
How to delete a whole folder and content?,"['delete', 'whole', 'folder', 'content']"
How to set text size of textview dynamically for different screens,"['set', 'text', 'size', 'textview', 'dynamically', 'different', 'screens', 'android']"
How do I prevent Android taking a screenshot when my app goes to the background?,"['prevent', 'android', 'taking', 'screenshot', 'app', 'goes', 'background', 'market']"
Android get hosting Activity from a view,"['android', 'get', 'hosting', 'activity', 'view', 'activity']"
How to add a line break in an Android TextView?,"['add', 'line', 'break', 'android', 'text', 'view', 'android']"
Android: ScrollView force to bottom,"['android', 'scroll', 'view', 'force', 'bottom', 'add']"
Android dismiss keyboard,"['android', 'dismiss', 'keyboard', 'close']"
Google Maps v2 - set both my location and zoom in,"['google', 'maps', 'set', 'location', 'zoom', 'android']"
Prevent ViewPager from destroying off-screen views,"['prevent', 'view', 'pager', 'destroying', 'screen', 'views', 'android']"
How to check an Android device is HDPI screen or MDPI screen?,"['check', 'android', 'device', 'hdpi', 'screen', 'mdpi', 'screen', 'activity']"
How to detect UI thread on Android?,"['detect', 'ui', 'thread', 'android', 'accessibility']"
How to play ringtone/alarm sound in Android,"['play', 'ringtone', 'alarm', 'sound', 'android', 'accessibility']"
How to show marker in Maps launched by geo uri Intent?,"['show', 'marker', 'maps', 'launched', 'geo', 'uri', 'intent', 'android']"
How to remove auto focus/keyboard popup of a field when the screen shows up?,"['remove', 'auto', 'focus', 'keyboard', 'popup', 'field', 'screen', 'shows', 'focus']"
Disable ScrollView Programmatically?,"['disable', 'scroll', 'view', 'programmatically', 'android']"
Android: How to rotate a bitmap on a center point,"['android', 'rotate', 'bitmap', 'center', 'point', 'accessibility']"
How can one detect airplane mode on Android?,"['one', 'detect', 'airplane', 'mode', 'android', 'accessibility']"
Android backup/restore: how to backup an internal database?,"['android', 'backup', 'restore', 'backup', 'internal', 'database', 'accessibility']"
How to handle Back button with in the dialog?,"['handle', 'back', 'button', 'dialog', 'android']"
Programmatically relaunch/recreate an activity?,"['programmatically', 'relaunch', 'recreate', 'activity', 'android']"
Android: Cloning a drawable in order to make a StateListDrawable with filters,"['android', 'cloning', 'drawable', 'order', 'make', 'state', 'list', 'drawable', 'filters', 'accessibility']"
End animation event android,"['end', 'animation', 'event', 'android', 'button']"
Going to home screen programmatically,"['going', 'home', 'screen', 'programmatically', 'programmatically']"
"How to hide ""Navigation"" and ""GPS Pointer"" buttons when I click the marker on the android google map","['hide', 'navigation', 'gps', 'pointer', 'buttons', 'click', 'marker', 'android', 'google', 'map', 'navigation']"
SoftKeyboard open and close listener in an activity in Android?,"['soft', 'keyboard', 'open', 'close', 'listener', 'activity', 'android', 'soft']"
Unable to create converter for my class in Android Retrofit library,"['unable', 'create', 'converter', 'class', 'android', 'retrofit', 'library', 'class']"
RecyclerView blinking after notifyDatasetChanged(),"['recycler', 'view', 'blinking', 'notify', 'dataset', 'changed', 'changed']"
Android: checkbox listener,"['android', 'checkbox', 'listener', 'accessibility']"
How to hide the soft keyboard from inside a fragment?,"['hide', 'soft', 'keyboard', 'inside', 'fragment', 'android']"
Back button and refreshing previous activity,"['back', 'button', 'refreshing', 'previous', 'activity', 'android']"
Opening Android Settings programmatically,"['opening', 'android', 'settings', 'programmatically', 'application']"
Android: How to get a custom View's height and width?,"['android', 'get', 'custom', 'view', 'height', 'width', 'activity']"
Android activity over default lock screen,"['android', 'activity', 'default', 'lock', 'screen', 'get']"
Seamless video Loop with VideoView,"['seamless', 'video', 'loop', 'video', 'view', 'android']"
(Retrofit) Could not locate converter for class crashing app,"['retrofit', 'could', 'locate', 'converter', 'class', 'crashing', 'app', 'class']"
Height of statusbar?,"['height', 'statusbar', 'action']"
Force application to restart on first activity,"['force', 'application', 'restart', 'first', 'activity', 'android']"
webview showing white bar on right side,"['webview', 'showing', 'white', 'bar', 'right', 'side', 'action']"
How to check if user is logged in with FB SDK 4.0 for Android?,"['check', 'user', 'logged', 'fb', 'sdk', 'android', 'device']"
Push up content when clicking in edit text,"['push', 'content', 'clicking', 'edit', 'text', 'android']"
How to detect device is Android phone or Android tablet?,"['detect', 'device', 'android', 'phone', 'android', 'tablet', 'check']"
Intercept and override HTTP requests from WebView,"['intercept', 'override', 'http', 'requests', 'web', 'view', 'android']"
How to perform a fade animation on Activity transition?,"['perform', 'fade', 'animation', 'activity', 'transition', 'android']"
android: Softkeyboard perform action when Done key is pressed,"['android', 'softkeyboard', 'perform', 'action', 'done', 'key', 'pressed', 'bar']"
Android: Insert text into EditText at current position,"['android', 'insert', 'text', 'edit', 'text', 'current', 'position', 'view']"
How to get accent color programmatically?,"['get', 'accent', 'color', 'programmatically', 'activity']"
creating a menu after a long click event on a list view,"['creating', 'menu', 'long', 'click', 'event', 'list', 'view', 'android']"
SwipeRefreshLayout trigger programmatically,"['swipe', 'refresh', 'layout', 'trigger', 'programmatically', 'layout']"
ArrayAdapter in android to create simple listview,"['array', 'adapter', 'android', 'create', 'simple', 'listview', 'accessibility']"
Navigation drawer - Disable click through on items behind the drawer,"['navigation', 'drawer', 'disable', 'click', 'items', 'behind', 'drawer', 'disable']"
How to call a .NET Webservice from Android using KSOAP2?,"['call', 'net', 'webservice', 'android', 'using', 'call']"
"Android - Share on Facebook, Twitter, Mail, ecc","['android', 'share', 'facebook', 'twitter', 'mail', 'ecc', 'accessibility']"
How to 'restart' an android application programmatically,"['restart', 'android', 'application', 'programmatically', 'activity']"
How to display my location on Google Maps for Android API v2,"['display', 'location', 'google', 'maps', 'android', 'api', 'maps']"
Android google maps marker disable navigation option,"['android', 'google', 'maps', 'marker', 'disable', 'navigation', 'option', 'navigation']"
Check for navigation bar,"['check', 'navigation', 'bar', 'access']"
No animation on item removal on RecyclerView,"['animation', 'item', 'removal', 'recycler', 'view', 'changed']"
How to close Android Soft KeyBoard programmatically?,"['close', 'android', 'soft', 'key', 'board', 'programmatically', 'keyboard']"
Wifi Connect-Disconnect Listener,"['wifi', 'connect', 'disconnect', 'listener', 'android']"
make a phone call click on a button,"['make', 'phone', 'call', 'click', 'button', 'android']"
How to kill an application with all its activities?,"['kill', 'application', 'activities', 'activity']"
Is there any way to receive a notification when the user powers off the device?,"['way', 'receive', 'notification', 'user', 'powers', 'device', 'android']"
How To Show and hide ActionBar with AppCompat v.7,"['show', 'hide', 'action', 'bar', 'app', 'compat', 'v', 'android']"
Identifying RTL language in Android,"['identifying', 'rtl', 'language', 'android', 'accessibility']"
Detecting when screen is locked,"['detecting', 'screen', 'locked', 'activity']"
Android KitKat securityException when trying to read from MediaStore,"['android', 'kit', 'kat', 'security', 'exception', 'trying', 'read', 'media', 'store', 'accessibility']"
android - setting LayoutParams programmatically,"['android', 'setting', 'layout', 'params', 'programmatically', 'application']"
Setting textSize programmatically,"['setting', 'text', 'size', 'programmatically', 'activity']"
How to obtain MAC address of WiFi network interface?,"['obtain', 'mac', 'address', 'wi', 'fi', 'network', 'interface']"
Android 4.4 translucent Status and Navigation bars style on Android 5.0,"['android', 'translucent', 'status', 'navigation', 'bars', 'style', 'android', 'bar']"
Canvas: trying to use a recycled bitmap android.graphics.Bitmap in android,"['canvas', 'trying', 'use', 'recycled', 'bitmap', 'android', 'graphics', 'bitmap', 'android', 'accessibility']"
Mockito + Dexmaker on Android,"['mockito', 'dexmaker', 'android', 'accessibility']"
Make new activity appear behind old one during transition,"['make', 'new', 'activity', 'appear', 'behind', 'old', 'one', 'transition', 'android']"
android: How to call the number by android application,"['android', 'call', 'number', 'android', 'application', 'minimize']"
Link should be open in same web view in Android,"['link', 'open', 'web', 'view', 'android', 'click']"
How can I launch the 'Add Contact' activity in android,"['launch', 'add', 'contact', 'activity', 'android', 'get']"
Getting device os version in Android programmatically,"['getting', 'device', 'os', 'version', 'android', 'programmatically', 'application']"
Send request over Mobile data when WIFI is ON.(Android L),"['send', 'request', 'mobile', 'data', 'wifi', 'android', 'l', 'accessibility']"
What should I pass for root when inflating a layout to use for a MenuItem's ActionView?,"['pass', 'root', 'inflating', 'layout', 'use', 'menu', 'item', 'action', 'view', 'recycler']"
Android Toast Message is not showing,"['android', 'toast', 'message', 'showing', 'accessibility']"
Android How to use MediaScannerConnection scanFile,"['android', 'use', 'media', 'scanner', 'connection', 'scan', 'file', 'accessibility']"
Android - Set text to TextView,"['android', 'set', 'text', 'text', 'view', 'android']"
Android DialogFragment disappears after orientation change,"['android', 'dialog', 'fragment', 'disappears', 'orientation', 'change', 'accessibility']"
How to prevent Screen Capture in Android,"['prevent', 'screen', 'capture', 'android', 'activity']"
How to remove drawableleft,"['remove', 'drawableleft', 'focus']"
OnScreen keyboard opens automatically when Activity starts,"['on', 'screen', 'keyboard', 'opens', 'automatically', 'activity', 'starts', 'android']"
startForeground() does not show my Notification,"['start', 'foreground', 'show', 'notification', 'activity']"
What are the actual ms time values for Android's animTime constants?,"['actual', 'ms', 'time', 'values', 'android', 'anim', 'time', 'constants', 'android']"
How to resize AlertDialog on the Keyboard display,"['resize', 'alert', 'dialog', 'keyboard', 'display', 'activity']"
Android WebView click open within WebView not a default browser,"['android', 'web', 'view', 'click', 'open', 'within', 'web', 'view', 'default', 'browser', 'add']"
Disable WebView touch events in Android,"['disable', 'web', 'view', 'touch', 'events', 'android', 'click']"
How to call getWindow() outside an Activity in Android?,"['call', 'get', 'window', 'outside', 'activity', 'android', 'activity']"
Android version check,"['android', 'version', 'check', 'device']"
How to disable cache in android webview?,"['disable', 'cache', 'android', 'webview', 'bar']"
android set button background programmatically,"['android', 'set', 'button', 'background', 'programmatically', 'application']"
How can i check whether an android device is connected to the web?,"['check', 'whether', 'android', 'device', 'connected', 'web', 'check']"
Check if color is dark or light in Android,"['check', 'color', 'dark', 'light', 'android', 'device']"
Disable soft-keyboard from EditText but still allow copy/paste?,"['disable', 'soft', 'keyboard', 'edit', 'text', 'still', 'allow', 'copy', 'paste', 'android']"
How can I programmatically open/close notifications in Android?,"['programmatically', 'open', 'close', 'notifications', 'android', 'application']"
"How can I use SensorManager.getOrientation for tilt controls like ""My Paper Plane""?","['use', 'sensor', 'manager', 'get', 'orientation', 'tilt', 'controls', 'like', 'paper', 'plane', 'activity']"
Send email via gmail,"['send', 'email', 'via', 'gmail']"
Setting a spinner onClickListener() in Android,"['setting', 'spinner', 'on', 'click', 'listener', 'android', 'button']"
Android: making a fullscreen application,"['android', 'making', 'fullscreen', 'application', 'minimize']"
Resume the Activity instead of Starting if already exists in back stack,"['resume', 'activity', 'instead', 'starting', 'already', 'exists', 'back', 'stack', 'android']"
Triggering event when Button is pressed down in Android,"['triggering', 'event', 'button', 'pressed', 'android', 'back']"
Reliably get height of status bar to solve KitKat translucent navigation issue,"['reliably', 'get', 'height', 'status', 'bar', 'solve', 'kit', 'kat', 'translucent', 'navigation', 'issue', 'action']"
How to prevent the screen of an android device to turn off during the execution of an Activity?,"['prevent', 'screen', 'android', 'device', 'turn', 'execution', 'activity', 'get']"
How to prompt user to enable GPS_PROVIDER and/or NETWORK_PROVIDER?,"['prompt', 'user', 'enable', 'android']"
Crashlytics deprecated method disabled(),"['crashlytics', 'deprecated', 'method', 'disabled']"
Android - Simulate Home click,"['android', 'simulate', 'home', 'click', 'button']"
Email and phone Number Validation in android,"['email', 'phone', 'number', 'validation', 'android', 'application']"
Android: show/hide status bar/power bar,"['android', 'show', 'hide', 'status', 'bar', 'power', 'bar', 'action']"
Android: How to scroll ScrollView in top,"['android', 'scroll', 'scroll', 'view', 'top', 'view']"
How to check if class exists somewhere in package?,"['check', 'class', 'exists', 'somewhere', 'package', 'access']"
Opening webview not in new browser,"['opening', 'webview', 'new', 'browser', 'android']"
How to use Room Persistence Library with pre-populated database?,"['use', 'room', 'persistence', 'library', 'pre', 'populated', 'database', 'android']"
RecyclerView.Adapter.notifyItemChanged() never passes payload to onBindViewHolder(),"['recycler', 'view', 'adapter', 'notify', 'item', 'changed', 'never', 'passes', 'payload', 'on', 'bind', 'view', 'holder', 'changed']"
How to blur background images in Android,"['blur', 'background', 'images', 'android', 'set']"
How to get screen resolution of an android device using LIBGDX?,"['get', 'screen', 'resolution', 'android', 'device', 'using', 'libgdx', 'activity']"
How do I open the Bluetooth Settings Activity programmatically?,"['open', 'bluetooth', 'settings', 'activity', 'programmatically', 'android']"
Linking back to amazon app store for ratings,"['linking', 'back', 'amazon', 'app', 'store', 'ratings', 'activity']"
Uncheck all RadioButton in a RadioButtonGroup,"['uncheck', 'radio', 'button', 'radio', 'button', 'group', 'android']"
Android Status Bar Notifications - Intent getting the old extras on the second time,"['android', 'status', 'bar', 'notifications', 'intent', 'getting', 'old', 'extras', 'second', 'time', 'hide']"
Android volley sending data twice,"['android', 'volley', 'sending', 'data', 'twice', 'accessibility']"
How to Programmatically Enable/Disable Accessibility Service in Android,"['programmatically', 'enable', 'disable', 'accessibility', 'service', 'android', 'application']"
Android Media Player play/pause Button,"['android', 'media', 'player', 'play', 'pause', 'button', 'back']"
How to clear focus and remove keyboard on Android?,"['clear', 'focus', 'remove', 'keyboard', 'android', 'close']"
Android Spinner using ArrayList<String>,"['android', 'spinner', 'using', 'array', 'list', 'string', 'call']"
android webview stay in app,"['android', 'webview', 'stay', 'app', 'market']"
How to set View alpha in lower Api than 11?,"['set', 'view', 'alpha', 'lower', 'api', 'android']"
How to edit or create custom error page for WebView?,"['edit', 'create', 'custom', 'error', 'page', 'web', 'view', 'android']"
Unable to create call adapter for io.reactivex.Observable,"['unable', 'create', 'call', 'adapter', 'io', 'reactivex', 'observable', 'observable']"
Move snackbar above the bottom bar,"['move', 'snackbar', 'bottom', 'bar', 'action']"
How to query for the default SpeechRecognizer,"['query', 'default', 'speech', 'recognizer', 'android']"
Android Layout make all children's not clickable,"['android', 'layout', 'make', 'children', 'clickable', 'accessibility']"
"Don't navigate to other pages in WebView,disable links and references","['navigate', 'pages', 'web', 'view', 'disable', 'links', 'references', 'android']"
How to disable and enable the scrolling on android ScrollView?,"['disable', 'enable', 'scrolling', 'android', 'scroll', 'view', 'add']"
How to Share Entire Android App with Share Intent,"['share', 'entire', 'android', 'app', 'share', 'intent', 'android']"
Move cursor to end of EditText?,"['move', 'cursor', 'end', 'edit', 'text', 'android']"
How to hide the horizontal line at the bottom of each item in android listview?,"['hide', 'horizontal', 'line', 'bottom', 'item', 'android', 'listview', 'bar']"
Android Link to Market from inside another app,"['android', 'link', 'market', 'inside', 'another', 'app', 'market']"
Enable GPS programatically Android (without navigating to the location settings),"['enable', 'gps', 'programatically', 'android', 'without', 'navigating', 'location', 'settings', 'disable']"
BitmapFactory.decodeFile out of memory with images 2400x2400,"['bitmap', 'factory', 'decode', 'file', 'memory', 'images', 'android']"
Disable Action Bar button in Android,"['disable', 'action', 'bar', 'button', 'android', 'bar']"
Disable center button in MyLocation at Google Map API V2,"['disable', 'center', 'button', 'my', 'location', 'google', 'map', 'api', 'location']"
Soft keyboard enter key event handle,"['soft', 'keyboard', 'enter', 'key', 'event', 'handle', 'android']"
How to disable status bar / notification bar on android programmatically?,"['disable', 'status', 'bar', 'notification', 'bar', 'android', 'programmatically', 'action']"
How to minimize whole application in android?,"['minimize', 'whole', 'application', 'android', 'application']"
Start Google search query from activity - Android,"['start', 'google', 'search', 'query', 'activity', 'android', 'get']"
How to Launch Home Screen Programmatically in Android,"['launch', 'home', 'screen', 'programmatically', 'android', 'activity']"
How to kill my own Activity - the hard way,"['kill', 'activity', 'hard', 'way', 'android']"
How to check availability of space on external storage?,"['check', 'availability', 'space', 'external', 'storage', 'access']"
Open url with an browser,"['open', 'url', 'browser', 'browser']"
How to set multiple parent activities for using android back button,"['set', 'multiple', 'parent', 'activities', 'using', 'android', 'back', 'button', 'back']"
Android - width and height of bitmap without loading it,"['android', 'width', 'height', 'bitmap', 'without', 'loading', 'width']"
programmatic click in Android WebView,"['programmatic', 'click', 'android', 'web', 'view', 'web']"
Check whether headphones are plugged in,"['check', 'whether', 'headphones', 'plugged', 'access']"
How to ignore accent in SQLite query (Android),"['ignore', 'accent', 'sqlite', 'query', 'android', 'accessibility']"
Android open camera from button,"['android', 'open', 'camera', 'button', 'back']"
"Make Tabs on ActionBar scroll when reach limit, rather than create a dropdown-list","['make', 'tabs', 'action', 'bar', 'scroll', 'reach', 'limit', 'rather', 'create', 'dropdown', 'list', 'android']"
The onClick() of ClickableSpan is not working for URLSpan?,"['on', 'click', 'clickable', 'span', 'working', 'urlspan', 'listener']"
How to know if an activity is called using startActivityForResult or simply called by using startActivity?,"['know', 'activity', 'called', 'using', 'start', 'activity', 'for', 'result', 'simply', 'called', 'using', 'start', 'activity', 'android']"
How to open phones gallery through code,"['open', 'phones', 'gallery', 'code', 'activity']"
Android: How can I add HTML links inside a ListView?,"['android', 'add', 'html', 'links', 'inside', 'list', 'view', 'android']"
Redirect user to the Subscription page in the playstore,"['redirect', 'user', 'subscription', 'page', 'playstore', 'android']"
Using full screen Activity,"['using', 'full', 'screen', 'activity', 'android']"
When do we use the recyclerView.setHasFixedSize?,"['use', 'recycler', 'view', 'set', 'has', 'fixed', 'size', 'android']"
When I run Thread second time: java.lang.IllegalThreadStateException: Thread already started,"['run', 'thread', 'second', 'time', 'java', 'lang', 'illegal', 'thread', 'state', 'exception', 'thread', 'already', 'started', 'exception']"
Is there a way an app can check if it is allowed to access notifications?,"['way', 'app', 'check', 'allowed', 'access', 'notifications', 'check']"
How to determine which platform the current app is running on in LibGDX?,"['determine', 'platform', 'current', 'app', 'running', 'lib', 'gdx', 'android']"
Setting WebView to view Desktop Site and Not Mobile Site,"['setting', 'web', 'view', 'view', 'desktop', 'site', 'mobile', 'site', 'android']"
How to get a reference to LocationManager inside a Fragment,"['get', 'reference', 'location', 'manager', 'inside', 'fragment', 'activity']"
Open Twitter application user profile from Android application,"['open', 'twitter', 'application', 'user', 'profile', 'android', 'application', 'minimize']"
deleting android sqllite rows older than x days,"['deleting', 'android', 'sqllite', 'rows', 'older', 'x', 'days', 'accessibility']"
How to get elements(findViewById) for a layout which is dynamically loaded(setView) in a dialog?,"['get', 'elements', 'find', 'view', 'by', 'id', 'layout', 'dynamically', 'loaded', 'set', 'view', 'dialog', 'android']"
"How do I check HoneyComb or higher is running, and accordingly call a method for that Version?","['check', 'honey', 'comb', 'higher', 'running', 'accordingly', 'call', 'method', 'version', 'access']"
Cancelling a PendingIntent,"['cancelling', 'pending', 'intent', 'android']"
Android: Special url to open Marketplace to a specific app?,"['android', 'special', 'url', 'open', 'marketplace', 'specific', 'app', 'market']"
Programatically set '?selectableItemBackground' on Android view,"['programatically', 'set', 'selectable', 'item', 'background', 'android', 'view', 'add']"
"Height of screen without status bar, actionBar and tabs","['height', 'screen', 'without', 'status', 'bar', 'action', 'bar', 'tabs', 'android']"
How to hide current location in google map?,"['hide', 'current', 'location', 'google', 'map', 'api']"
Hide status bar android,"['hide', 'status', 'bar', 'android', 'bar']"
Showing the soft keyboard for SearchView on ActionBar,"['showing', 'soft', 'keyboard', 'search', 'view', 'action', 'bar', 'android']"
How can I post on Twitter with Intent Action_send?,"['post', 'twitter', 'intent', 'android']"
How to Inflate view from XML in Android?,"['inflate', 'view', 'xml', 'android', 'add']"
Is it possible that when click edittext it will show dialog message?,"['possible', 'click', 'edittext', 'show', 'dialog', 'message', 'alert']"
How can we turn automatic brightness off in android?,"['turn', 'automatic', 'brightness', 'android', 'accessibility']"
How to prevent OnItemClickListener work when long click performed?,"['prevent', 'on', 'item', 'click', 'listener', 'work', 'long', 'click', 'performed', 'listener']"
Prevent repeating alarm from occurring on weekend,"['prevent', 'repeating', 'alarm', 'occurring', 'weekend', 'android']"
How do I know if my app is running with Robolectric?,"['know', 'app', 'running', 'robolectric', 'android']"
I need to minimize the android application on back button click,"['need', 'minimize', 'android', 'application', 'back', 'button', 'click', 'application']"
"Cannot use getSystemService(""usagestats"") Android Studio","['cannot', 'use', 'get', 'system', 'service', 'usagestats', 'android', 'studio', 'activity']"
Set Title inToolBar from Fragment in Android,"['set', 'title', 'in', 'tool', 'bar', 'fragment', 'android', 'action']"
MPAndroidChart: bottom x-axis and multiple y-axes,"['mpandroid', 'chart', 'bottom', 'x', 'axis', 'multiple', 'axes', 'android']"
How to disable marker click event?,"['disable', 'marker', 'click', 'event', 'android']"
Android Alert dialog from inside an intent service,"['android', 'alert', 'dialog', 'inside', 'intent', 'service', 'accessibility']"
dismiss the popup window by back button,"['dismiss', 'popup', 'window', 'back', 'button', 'android']"
Disable animation of drawer icon in double navigation drawer for right drawer,"['disable', 'animation', 'drawer', 'icon', 'double', 'navigation', 'drawer', 'right', 'drawer', 'disable']"
How can I check if GPS is enabled before I try to use it,"['check', 'gps', 'enabled', 'try', 'use', 'access']"
Don't display the overlay with the Android Navigation Drawer,"['display', 'overlay', 'android', 'navigation', 'drawer', 'google']"
Restore default actionbar layout,"['restore', 'default', 'actionbar', 'layout', 'android']"
Custom android AccelerateDecelerateInterpolator,"['custom', 'android', 'accelerate', 'decelerate', 'interpolator', 'accessibility']"
How to open number dialer pad programmatically in android?,"['open', 'number', 'dialer', 'pad', 'programmatically', 'android', 'application']"
"Android, how to choose save file location?","['android', 'choose', 'save', 'file', 'location', 'accessibility']"
Higher API calls when lower SDK targeted,"['higher', 'api', 'calls', 'lower', 'sdk', 'targeted', 'android']"
Restarting Android application after process is killed,"['restarting', 'android', 'application', 'process', 'killed', 'minimize']"
How to make a callback after the view is completely rendered?,"['make', 'callback', 'view', 'completely', 'rendered', 'action']"
Actionbar Sherlock: Setting and hiding title bar,"['actionbar', 'sherlock', 'setting', 'hiding', 'title', 'bar', 'action']"
"Error getting window size on android: ""The method getWindowManager is undefined""","['error', 'getting', 'window', 'size', 'android', 'method', 'get', 'window', 'manager', 'undefined', 'get']"
Easiest way to launch webpage in android with an icon,"['easiest', 'way', 'launch', 'webpage', 'android', 'icon', 'accessibility']"
How to get the current sqlite database size or package size in Android?,"['get', 'current', 'sqlite', 'database', 'size', 'package', 'size', 'android', 'get']"
Click on notification starts activity twice,"['click', 'notification', 'starts', 'activity', 'twice', 'android']"
Video recording format(.3gp or mp4) in android?,"['video', 'recording', 'format', 'android', 'accessibility']"
How to Retrieve Text from Textbox in Android widget?,"['retrieve', 'text', 'textbox', 'android', 'widget', 'view']"
Changing text color in a WebView?,"['changing', 'text', 'color', 'web', 'view', 'android']"
Android Google Sign In: check if User is signed in,"['android', 'google', 'sign', 'check', 'user', 'signed', 'device']"
Navigation drawer menu icon is not displayed correctly,"['navigation', 'drawer', 'menu', 'icon', 'displayed', 'correctly', 'disable']"
How to handle touch event on google map (MapFragment)?,"['handle', 'touch', 'event', 'google', 'map', 'map', 'fragment', 'hide']"
Google Sign-In requestIdToken returns null,"['google', 'sign', 'request', 'id', 'token', 'returns', 'null', 'null']"
How to push recylerView up when keyboard appear?,"['push', 'recyler', 'view', 'keyboard', 'appear', 'action']"
AWS DynamoDB Requested resource not found,"['aws', 'dynamo', 'db', 'requested', 'resource', 'found']"
how to create random UUID in Android when button click event happens?,"['create', 'random', 'uuid', 'android', 'button', 'click', 'event', 'happens', 'back']"
onNewIntent is not called,"['on', 'new', 'intent', 'called', 'android']"
Finish activity in dialog class,"['finish', 'activity', 'dialog', 'class', 'android']"
Get URI from drawable image,"['get', 'uri', 'drawable', 'image', 'activity']"
Android - prevent TalkBack from announcing TextView title aloud,"['android', 'prevent', 'talk', 'back', 'announcing', 'text', 'view', 'title', 'aloud', 'add']"
Binding to a service from another app,"['binding', 'service', 'another', 'app', 'android']"
Using ProgressDialog in ActionBar (Android),"['using', 'progress', 'dialog', 'action', 'bar', 'android', 'bar']"
runOnUiThread inside a View,"['run', 'on', 'ui', 'thread', 'inside', 'view', 'action']"
Destroy Pages on ViewPager and FragmentStatePagerAdapter,"['destroy', 'pages', 'view', 'pager', 'fragment', 'state', 'pager', 'adapter', 'view']"
How to turn on the GPS on Android,"['turn', 'gps', 'android', 'accessibility']"
How to handle an intent which does not have data at first call of an activity?,"['handle', 'intent', 'data', 'first', 'call', 'activity', 'android']"
How to reveal that screen is locked?,"['reveal', 'screen', 'locked', 'activity']"
how do I restart an activity in android?,"['restart', 'activity', 'android', 'get']"
how to make edittext field for decimals,"['make', 'edittext', 'field', 'decimals', 'android']"
android disable seek bar for audio controller,"['android', 'disable', 'seek', 'bar', 'audio', 'controller', 'action']"
How do I detect touch input on the Android,"['detect', 'touch', 'input', 'android', 'accessibility']"
Start Android Market from App,"['start', 'android', 'market', 'app', 'market']"
Start new navigation without exiting from previous navigation in Google Map,"['start', 'new', 'navigation', 'without', 'exiting', 'previous', 'navigation', 'google', 'map', 'android']"
Framework7 inside webview pages not loading,"['inside', 'webview', 'pages', 'loading', 'android']"
How to add back button arrow functionality in navigation bar,"['add', 'back', 'button', 'arrow', 'functionality', 'navigation', 'bar', 'android']"
Open telegram channel in android,"['open', 'telegram', 'channel', 'android', 'close']"
Location Manager remove updates permission,"['location', 'manager', 'remove', 'updates', 'permission', 'android']"
How can I start the Accessibility Settings Page of my APP in Android?,"['start', 'accessibility', 'settings', 'page', 'app', 'android', 'market']"
Android pop fragment from backstack with animation,"['android', 'pop', 'fragment', 'backstack', 'animation', 'accessibility']"
android webview.loadUrl won't load another webpage,"['android', 'webview', 'load', 'url', 'load', 'another', 'webpage', 'accessibility']"
"Android ""Roboto Light"" pixelation","['android', 'roboto', 'light', 'pixelation', 'dark']"
Android: setResult not working,"['android', 'set', 'result', 'working', 'background']"
Adding titles to ViewPager,"['adding', 'titles', 'view', 'pager', 'action']"
Second AsyncTask not executing,"['second', 'async', 'task', 'executing', 'time']"
How to access drawable resources (color) in java,"['access', 'drawable', 'resources', 'color', 'java', 'check']"
Quick fix for NetworkOnMainThreadException,"['quick', 'fix', 'network', 'on', 'main', 'thread', 'exception', 'click']"
Close android application programmatically,"['close', 'android', 'application', 'programmatically', 'minimize']"
How to get main Activity class or class name of my application?,"['get', 'main', 'activity', 'class', 'class', 'name', 'application', 'activity']"
How to start an Activity with an animation set entirely programmatically,"['start', 'activity', 'animation', 'set', 'entirely', 'programmatically', 'android']"
Android VideoView repetition,"['android', 'video', 'view', 'repetition', 'add']"
How to return to home screen from Activity,"['return', 'home', 'screen', 'activity', 'android']"
Call fragment events from activity,"['call', 'fragment', 'events', 'activity', 'android']"
Moving from One activity to next in Android,"['moving', 'one', 'activity', 'next', 'android', 'get']"
How to lock phone orientation in Android to prevent landscape mode,"['lock', 'phone', 'orientation', 'android', 'prevent', 'landscape', 'mode', 'phone']"
Android M Light and Dark status bar programmatically - how to make it dark again?,"['android', 'light', 'dark', 'status', 'bar', 'programmatically', 'make', 'dark', 'light']"
Drag & Drop Espresso,"['drag', 'drop', 'espresso']"
"IllegalArgumentException: Could not locate call adapter for rx.Observable RxJava, Retrofit2","['illegal', 'argument', 'exception', 'could', 'locate', 'call', 'adapter', 'rx', 'observable', 'rx', 'java', 'observable']"
"glide force load cached image, don't care what resolution","['glide', 'force', 'load', 'cached', 'image', 'care', 'resolution', 'android']"
Token null Sign-in Google Account,"['token', 'null', 'sign', 'google', 'account', 'null']"
Denied starting an intent without a user gesture Webview Android,"['denied', 'starting', 'intent', 'without', 'user', 'gesture', 'webview', 'android', 'check']"
Check if RecyclerView is scrollable,"['check', 'recycler', 'view', 'scrollable', 'changed']"
